{
  "standard_family": {
    "name": "standard_family",
    "condition_level": "family",
    "train_n": 90,
    "test_n": 45,
    "seed": 101,
    "losses": [
      3.7612985372543335,
      1.2259072661399841,
      0.22493568311134973,
      0.14625117431084314,
      0.1338109572728475,
      0.12804928546150526,
      0.12633404259880385,
      0.12472304329276085,
      0.12422205011049907,
      0.1258073647816976,
      0.12426929424206416,
      0.12362266952792804,
      0.12498779346545537,
      0.12455922737717628,
      0.12407205378015836,
      0.12501714254419008,
      0.12392901629209518,
      0.12373221665620804,
      0.12311213091015816,
      0.12286667649944623,
      0.12433419873317082,
      0.12461428840955098,
      0.12348470836877823,
      0.12373731036980946,
      0.12453135723869006,
      0.12452151626348495,
      0.12404087310036023,
      0.12415208915869395,
      0.12566198532780012,
      0.12395608300964038,
      0.12491460641225179,
      0.12365187828739484,
      0.12293440848588943,
      0.12360294535756111,
      0.12315091614921887
    ],
    "metrics": {
      "char_acc": 0.967920314489432,
      "changed_acc": 0.19371460473354807,
      "exact_line_acc": 0.8535814956285545
    },
    "action_breakdown": {
      "type_char": {
        "char_acc": 0.9819433093070984,
        "changed_acc": 0.1428571492433548,
        "exact_line_acc": 0.8999999165534973,
        "count": 476.0
      },
      "enter": {
        "char_acc": 0.887055516242981,
        "changed_acc": 0.12054552137851715,
        "exact_line_acc": 0.6644445657730103,
        "count": 45.0
      },
      "idle": {
        "char_acc": 0.887055516242981,
        "changed_acc": 1.0,
        "exact_line_acc": 0.6644445657730103,
        "count": 45.0
      }
    }
  },
  "standard_command": {
    "name": "standard_command",
    "condition_level": "command",
    "train_n": 90,
    "test_n": 45,
    "seed": 102,
    "losses": [
      3.7390201091766357,
      1.2124933302402496,
      0.22687836736440659,
      0.14657596498727798,
      0.13317560404539108,
      0.12769489735364914,
      0.1258022797604402,
      0.12531528621912003,
      0.12380678951740265,
      0.12355687096714973,
      0.12395721673965454,
      0.12397434314092,
      0.12393386413653691,
      0.12299681454896927,
      0.12487194314599037,
      0.12307720258831978,
      0.12323540324966113,
      0.12405811995267868,
      0.12322868034243584,
      0.12449716528256734,
      0.12448739757140477,
      0.12363268807530403,
      0.1235731840133667,
      0.12290370712677638,
      0.1254521831870079,
      0.12328330427408218,
      0.12482982501387596,
      0.12368996938069661,
      0.1244310699403286,
      0.1242780052125454,
      0.1239890456199646,
      0.12353495135903358,
      0.12406343221664429,
      0.12409996738036473,
      0.12375858177741368
    ],
    "metrics": {
      "char_acc": 0.9678479096284979,
      "changed_acc": 0.2175609929349275,
      "exact_line_acc": 0.8579730696318931
    },
    "action_breakdown": {
      "type_char": {
        "char_acc": 0.9772943258285522,
        "changed_acc": 0.2409539520740509,
        "exact_line_acc": 0.9000000357627869,
        "count": 608.0
      },
      "enter": {
        "char_acc": 0.885555624961853,
        "changed_acc": 0.13371507823467255,
        "exact_line_acc": 0.668889045715332,
        "count": 45.0
      },
      "idle": {
        "char_acc": 0.885555624961853,
        "changed_acc": 1.0,
        "exact_line_acc": 0.668889045715332,
        "count": 45.0
      }
    }
  },
  "paraphrase_family": {
    "name": "paraphrase_family",
    "condition_level": "family",
    "train_n": 90,
    "test_n": 45,
    "seed": 103,
    "losses": [
      3.717541297276815,
      0.9884110738833746,
      0.16975059608618417,
      0.1299577827254931,
      0.1180716206630071,
      0.11459692815939586,
      0.11359663307666779,
      0.11312127113342285,
      0.11267652735114098,
      0.11199491595228513,
      0.11155472447474797,
      0.11136537914474805,
      0.11105579137802124,
      0.11035408203800519,
      0.10975574453671773,
      0.1077740415930748,
      0.10644963259498279,
      0.10526997223496437,
      0.10426241904497147,
      0.1028979221979777,
      0.10197935874263446,
      0.10177306210001309,
      0.10063816358645757,
      0.10022359838088353,
      0.1006471316019694,
      0.09957248717546463,
      0.09956598654389381,
      0.09857692569494247,
      0.09831998248895009,
      0.09941971302032471,
      0.09984318415323894,
      0.10051956524451573,
      0.10055353119969368,
      0.10014381259679794,
      0.10042163108785947
    ],
    "metrics": {
      "char_acc": 0.9674199235350704,
      "changed_acc": 0.18799270643928917,
      "exact_line_acc": 0.8628769827122769
    },
    "action_breakdown": {
      "type_char": {
        "char_acc": 0.9741604328155518,
        "changed_acc": 0.19715142250061035,
        "exact_line_acc": 0.8999999761581421,
        "count": 667.0
      },
      "enter": {
        "char_acc": 0.8857221603393555,
        "changed_acc": 0.1695643961429596,
        "exact_line_acc": 0.6688889861106873,
        "count": 45.0
      },
      "idle": {
        "char_acc": 0.8857221603393555,
        "changed_acc": 1.0,
        "exact_line_acc": 0.6688889861106873,
        "count": 45.0
      }
    }
  },
  "paraphrase_command": {
    "name": "paraphrase_command",
    "condition_level": "command",
    "train_n": 90,
    "test_n": 45,
    "seed": 104,
    "losses": [
      3.668241341908773,
      1.1202934235334396,
      0.2002500295639038,
      0.1326763021449248,
      0.1208922378718853,
      0.11546291907628377,
      0.11396347855528195,
      0.11246460676193237,
      0.1127546913921833,
      0.11371064682801564,
      0.11205686877171199,
      0.1125914603471756,
      0.11240331704417865,
      0.11263541008035342,
      0.1125192902982235,
      0.1128054770330588,
      0.11294449865818024,
      0.11254468311866124,
      0.11348739018042882,
      0.11166703328490257,
      0.11206906909743945,
      0.1130058119694392,
      0.11197964971264203,
      0.11236709728837013,
      0.11365864177544911,
      0.11185286318262418,
      0.11230204502741496,
      0.11206471174955368,
      0.11250181496143341,
      0.11222676932811737,
      0.11238211020827293,
      0.1126432331899802,
      0.11277421439687411,
      0.11315800249576569,
      0.1130012571811676
    ],
    "metrics": {
      "char_acc": 0.9669190083609199,
      "changed_acc": 0.19530595142343027,
      "exact_line_acc": 0.8639872110460345
    },
    "action_breakdown": {
      "type_char": {
        "char_acc": 0.973311185836792,
        "changed_acc": 0.22191011905670166,
        "exact_line_acc": 0.8999999761581421,
        "count": 712.0
      },
      "enter": {
        "char_acc": 0.8821665644645691,
        "changed_acc": 0.17222152650356293,
        "exact_line_acc": 0.6644445061683655,
        "count": 45.0
      },
      "idle": {
        "char_acc": 0.8821665644645691,
        "changed_acc": 1.0,
        "exact_line_acc": 0.6644445061683655,
        "count": 45.0
      }
    }
  }
}