{
  "standard_family": {
    "name": "standard_family",
    "condition_level": "family",
    "train_n": 90,
    "test_n": 45,
    "seed": 201,
    "losses": [
      3.0445868770281472,
      0.35627565284570056,
      0.1421566034356753,
      0.12994852165381113,
      0.12574473147590956,
      0.12473366782069206,
      0.1248137354850769,
      0.12531223768989244,
      0.12312654033303261,
      0.12273163472612698,
      0.12220382442077,
      0.12173272917668025,
      0.12261225531498592,
      0.12322391321261723,
      0.12222627674539883,
      0.12264547124505043,
      0.12100095922748248,
      0.1198727935552597,
      0.11649184425671895,
      0.11238815635442734,
      0.10991754134496053,
      0.10782472789287567,
      0.10843298211693764,
      0.1004883199930191,
      0.09461963673432668,
      0.08488545566797256,
      0.07402556762099266,
      0.09239024917284648,
      0.09261744966109593,
      0.0823455738524596,
      0.07249000047643979,
      0.06211840237180392,
      0.049949649100502334,
      0.04613462400933107,
      0.03980487957596779,
      0.03428620100021362,
      0.028586371180911858,
      0.02526295433441798,
      0.021746118552982807,
      0.019128055466959875
    ],
    "metrics": {
      "char_acc": 0.98136417653425,
      "changed_acc": 0.6437236240554953,
      "exact_line_acc": 0.8890473488385251
    },
    "action_breakdown": {
      "type_char": {
        "char_acc": 0.9789097309112549,
        "changed_acc": 0.591141402721405,
        "exact_line_acc": 0.8977853655815125,
        "count": 587.0
      },
      "enter": {
        "char_acc": 0.9714999794960022,
        "changed_acc": 0.8161199688911438,
        "exact_line_acc": 0.846666693687439,
        "count": 45.0
      },
      "idle": {
        "char_acc": 0.9682777523994446,
        "changed_acc": 1.0,
        "exact_line_acc": 0.8733333945274353,
        "count": 45.0
      }
    }
  },
  "standard_command": {
    "name": "standard_command",
    "condition_level": "command",
    "train_n": 90,
    "test_n": 45,
    "seed": 202,
    "losses": [
      3.1092976729075112,
      0.38095197329918545,
      0.14779100070397058,
      0.13147480164964995,
      0.12761345754067102,
      0.12528573969999948,
      0.12388170386354129,
      0.12315886964400609,
      0.1230282187461853,
      0.12196225176254909,
      0.12172527611255646,
      0.12171232824524243,
      0.12119890873630841,
      0.11944373324513435,
      0.1178934561709563,
      0.11476087446014087,
      0.11454257493217786,
      0.11196393271287282,
      0.11014419049024582,
      0.10913405939936638,
      0.10880625993013382,
      0.1061398983001709,
      0.10339634120464325,
      0.10337130228678386,
      0.10187079633275668,
      0.10153090332945187,
      0.096943033238252,
      0.09554242466886838,
      0.09369111806154251,
      0.09542301793893178,
      0.08821478486061096,
      0.07633314778407414,
      0.06804837721089523,
      0.06473438317577045,
      0.05279535613954067,
      0.044366238017876945,
      0.03859877958893776,
      0.03384340119858583,
      0.029445299568275612,
      0.026130928968389828
    ],
    "metrics": {
      "char_acc": 0.9787297154316275,
      "changed_acc": 0.4757581487623872,
      "exact_line_acc": 0.8865728942081882
    },
    "action_breakdown": {
      "type_char": {
        "char_acc": 0.9800769686698914,
        "changed_acc": 0.38224637508392334,
        "exact_line_acc": 0.904347836971283,
        "count": 552.0
      },
      "enter": {
        "char_acc": 0.9326667189598083,
        "changed_acc": 0.5777947306632996,
        "exact_line_acc": 0.7844443321228027,
        "count": 45.0
      },
      "idle": {
        "char_acc": 0.9340555667877197,
        "changed_acc": 1.0,
        "exact_line_acc": 0.7866665124893188,
        "count": 45.0
      }
    }
  },
  "paraphrase_family": {
    "name": "paraphrase_family",
    "condition_level": "family",
    "train_n": 90,
    "test_n": 45,
    "seed": 203,
    "losses": [
      3.0694068670272827,
      0.3498788004120191,
      0.12930722907185555,
      0.11654270316163699,
      0.11374153569340706,
      0.11307509864370029,
      0.11190119758248329,
      0.1125020980834961,
      0.1124495379626751,
      0.11111064627766609,
      0.11092081914345424,
      0.11140875021616618,
      0.10989337414503098,
      0.11004697407285373,
      0.10751195003588994,
      0.1091867300371329,
      0.105172714839379,
      0.10052194943030675,
      0.09765209505955379,
      0.09557598953445752,
      0.09225234265128772,
      0.08887630328536034,
      0.08781168113152187,
      0.08645116289456685,
      0.08426887169480324,
      0.08032318328817685,
      0.07833973815043767,
      0.07736242190003395,
      0.08230529228846233,
      0.08256641527016957,
      0.06750916317105293,
      0.05900070567925771,
      0.04854904177288214,
      0.041314480205376945,
      0.03548866820832094,
      0.03423137031495571,
      0.032437766902148724,
      0.03075520632167657,
      0.027153261626760166,
      0.02371896555026372
    ],
    "metrics": {
      "char_acc": 0.9734411574427752,
      "changed_acc": 0.43406632726145916,
      "exact_line_acc": 0.8743962962962961
    },
    "action_breakdown": {
      "type_char": {
        "char_acc": 0.9724391102790833,
        "changed_acc": 0.36666667461395264,
        "exact_line_acc": 0.8902438879013062,
        "count": 615.0
      },
      "enter": {
        "char_acc": 0.9317222833633423,
        "changed_acc": 0.47232526540756226,
        "exact_line_acc": 0.808888852596283,
        "count": 45.0
      },
      "idle": {
        "char_acc": 0.9385555982589722,
        "changed_acc": 1.0,
        "exact_line_acc": 0.7733333110809326,
        "count": 45.0
      }
    }
  },
  "paraphrase_command": {
    "name": "paraphrase_command",
    "condition_level": "command",
    "train_n": 90,
    "test_n": 45,
    "seed": 204,
    "losses": [
      3.00610880057017,
      0.3450743829210599,
      0.13005424787600836,
      0.1167072815199693,
      0.11415722717841466,
      0.11259566371639569,
      0.11235444371898969,
      0.11127471427122752,
      0.11117089167237282,
      0.11146911978721619,
      0.11036720871925354,
      0.110444825142622,
      0.10979830597837766,
      0.11010465646783511,
      0.10804700354735057,
      0.10820143794020017,
      0.10399418572584788,
      0.10041240851084392,
      0.09662965188423793,
      0.09432365000247955,
      0.09103423605362575,
      0.08952813098827998,
      0.08789656559626262,
      0.0862492856880029,
      0.08424210300048192,
      0.08045916507641475,
      0.08539880936344464,
      0.08742883553107579,
      0.0784172775844733,
      0.07117750061055024,
      0.06402495441337426,
      0.05489143791298071,
      0.04519610106945038,
      0.040165883799393974,
      0.03583257210751375,
      0.03232895862311125,
      0.029549886472523212,
      0.028769226744771004,
      0.023227530842026074,
      0.02059820604821046
    ],
    "metrics": {
      "char_acc": 0.9564924316696376,
      "changed_acc": 0.4957694716445228,
      "exact_line_acc": 0.837156371841666
    },
    "action_breakdown": {
      "type_char": {
        "char_acc": 0.9260372519493103,
        "changed_acc": 0.4651539623737335,
        "exact_line_acc": 0.7930307984352112,
        "count": 617.0
      },
      "enter": {
        "char_acc": 0.8980554938316345,
        "changed_acc": 0.4205506145954132,
        "exact_line_acc": 0.7177777886390686,
        "count": 45.0
      },
      "idle": {
        "char_acc": 0.9039999842643738,
        "changed_acc": 1.0,
        "exact_line_acc": 0.7511110901832581,
        "count": 45.0
      }
    }
  }
}